model	metric	observed	n_pairs	null_mean	null_sd	null_p02_5	null_p97_5	ER	empirical_p	nperm	seed	provenance
P_pairshuffle	core	33	627	17.994	4.118126272954728	11.0	27.0	1.833944648216072	0.0019990004997501	2000	20260921	t3_null45_modelPC_aggregate.tsv
P_pairshuffle	GH3	33	627	16.4845	3.9735072354281673	9.0	25.0	2.0018805544602505	0.0004997501249375	2000	20260921	t3_null45_modelPC_aggregate.tsv
P_pairshuffle	GH2	80	627	31.198	5.344043038748846	21.0	42.0	2.5642669401884737	0.0004997501249375	2000	20260921	t3_null45_modelPC_aggregate.tsv
P_pairshuffle	side	50	627	19.535	4.316453984464563	12.0	28.0	2.5595085743537243	0.0004997501249375	2000	20260921	t3_null45_modelPC_aggregate.tsv
P_pairshuffle	any	136	627	61.699	7.402188797916465	48.0	77.0	2.204249663689849	0.0004997501249375	2000	20260921	t3_null45_modelPC_aggregate.tsv
C_ghshift	core	33	627	18.1575	4.869260082394449	9.0	28.0	1.8174308137133417	0.0039980009995002	2000	20260920	t3_null45_modelPC_aggregate.tsv
C_ghshift	GH3	33	627	16.6475	4.686282508556221	8.0	26.0	1.9822796215647995	0.0019990004997501	2000	20260920	t3_null45_modelPC_aggregate.tsv
C_ghshift	GH2	80	627	31.195	6.1897475715896535	20.0	44.0	2.5645135438371534	0.0004997501249375	2000	20260920	t3_null45_modelPC_aggregate.tsv
C_ghshift	side	50	627	19.8765	5.077425307180796	11.0	31.0	2.515533418861469	0.0004997501249375	2000	20260920	t3_null45_modelPC_aggregate.tsv
C_ghshift	any	136	627	61.9	8.716478646793096	46.0	80.0	2.1970920840064623	0.0004997501249375	2000	20260920	t3_null45_modelPC_aggregate.tsv
