model	scope	metric	observed	n_pairs	null_mean	null_sd	ER	empirical_p	nperm	seed	provenance
P_pairshuffle	L1_Bacteroidales	any	79	336	37.0645	5.619282850150898	2.1314195524018937	0.0004997501249375	2000	20260921	t3_null45_modelPC_perlayer.tsv
P_pairshuffle	L1_Bacteroidales	core	13	336	9.8425	3.122930314624392	1.3208026416052834	0.1934032983508246	2000	20260921	t3_null45_modelPC_perlayer.tsv
P_pairshuffle	L2_Flavobacteriales	any	26	86	6.1045	2.318745296491186	4.259153083790646	0.0004997501249375	2000	20260921	t3_null45_modelPC_perlayer.tsv
P_pairshuffle	L2_Flavobacteriales	core	13	86	3.1485	1.7112707997275007	4.128950293790695	0.0004997501249375	2000	20260921	t3_null45_modelPC_perlayer.tsv
P_pairshuffle	L3_Cytophagales	any	6	69	4.7015	2.106750519164526	1.276188450494523	0.3278360819590205	2000	20260921	t3_null45_modelPC_perlayer.tsv
P_pairshuffle	L3_Cytophagales	core	3	69	1.35	1.1603878661895772	2.222222222222222	0.1419290354822588	2000	20260921	t3_null45_modelPC_perlayer.tsv
P_pairshuffle	L3_Sphingobacteriales	any	25	136	13.8285	3.5682051160212187	1.8078605777922407	0.0029985007496251	2000	20260921	t3_null45_modelPC_perlayer.tsv
P_pairshuffle	L3_Sphingobacteriales	core	4	136	3.653	1.8299155718229188	1.0949904188338353	0.5037481259370314	2000	20260921	t3_null45_modelPC_perlayer.tsv
C_ghshift	L1_Bacteroidales	any	79	336	37.367	6.227785400927043	2.1141649048625792	0.0004997501249375	2000	20260920	t3_null45_modelPC_perlayer.tsv
C_ghshift	L1_Bacteroidales	core	13	336	9.926	3.306436752759683	1.309691718718517	0.2053973013493253	2000	20260920	t3_null45_modelPC_perlayer.tsv
C_ghshift	L2_Flavobacteriales	any	26	86	6.051	2.6738360084343245	4.296810444554619	0.0004997501249375	2000	20260920	t3_null45_modelPC_perlayer.tsv
C_ghshift	L2_Flavobacteriales	core	13	86	3.149	1.8616656520438892	4.12829469672912	0.0004997501249375	2000	20260920	t3_null45_modelPC_perlayer.tsv
C_ghshift	L3_Cytophagales	any	6	69	4.797	2.1839851189969224	1.250781738586617	0.3488255872063968	2000	20260920	t3_null45_modelPC_perlayer.tsv
C_ghshift	L3_Cytophagales	core	3	69	1.396	1.2927428205176774	2.1489971346704877	0.1779110444777611	2000	20260920	t3_null45_modelPC_perlayer.tsv
C_ghshift	L3_Sphingobacteriales	any	25	136	13.685	4.866186905576069	1.826817683595177	0.0284857571214392	2000	20260920	t3_null45_modelPC_perlayer.tsv
C_ghshift	L3_Sphingobacteriales	core	4	136	3.6865	2.7474020000720683	1.0850400108504	0.4332833583208396	2000	20260920	t3_null45_modelPC_perlayer.tsv
