# source_data for Fig 3 — PUL (SusC–SusD) genomic organisation of GH families | figure-round (presentation only)
# rows=214 | all plotted values are read back from this file by the plot stage
# provenance column gives the upstream read-only file + locator for every value
block	entity	sub	field	value	num	den	text	provenance
A_forest	round8_uniform_window_null	conditional	er	5.00163096661955				outputs_round8/tables/t1_nullmodel_aggregate.tsv
A_forest	round8_uniform_window_null	conditional	observed	92				outputs_round8/tables/t1_nullmodel_aggregate.tsv
A_forest	round8_uniform_window_null	conditional	null_mean	18.394				outputs_round8/tables/t1_nullmodel_aggregate.tsv
A_forest	round8_uniform_window_null	conditional	null_sd	4.070351827545133				outputs_round8/tables/t1_nullmodel_aggregate.tsv
A_forest	round8_uniform_window_null	conditional	null_p02_5	11.0				outputs_round8/tables/t1_nullmodel_aggregate.tsv
A_forest	round8_uniform_window_null	conditional	null_p97_5	27.0				outputs_round8/tables/t1_nullmodel_aggregate.tsv
A_forest	round8_uniform_window_null	conditional	empirical_p_one_sided_ge	0.0004997501249375				outputs_round8/tables/t1_nullmodel_aggregate.tsv
A_forest	round8_uniform_window_null	conditional	cohort				31 strains · 319 GH-filtered SusC–SusD windows (method-A definition)	outputs_round8/tables/t1_nullmodel_aggregate.tsv
A_forest	round9_model_P_pair_shuffle	conditional	er	5.029658584588471				tables/t2_condnull_aggregate.tsv
A_forest	round9_model_P_pair_shuffle	conditional	observed	92				tables/t2_condnull_aggregate.tsv
A_forest	round9_model_P_pair_shuffle	conditional	null_mean	18.2915				tables/t2_condnull_aggregate.tsv
A_forest	round9_model_P_pair_shuffle	conditional	null_sd	4.120743591877563				tables/t2_condnull_aggregate.tsv
A_forest	round9_model_P_pair_shuffle	conditional	null_p02_5	10.0				tables/t2_condnull_aggregate.tsv
A_forest	round9_model_P_pair_shuffle	conditional	null_p97_5	26.0				tables/t2_condnull_aggregate.tsv
A_forest	round9_model_P_pair_shuffle	conditional	empirical_p_one_sided_ge	0.0004997501249375				tables/t2_condnull_aggregate.tsv
A_forest	round9_model_P_pair_shuffle	conditional	cohort				31 strains · 319 GH-filtered SusC–SusD windows (method-A definition)	tables/t2_condnull_aggregate.tsv
A_forest	round9_model_C_cluster_preserving_shift	conditional	er	5.061480483041289				tables/t2_condnull_aggregate.tsv
A_forest	round9_model_C_cluster_preserving_shift	conditional	observed	92				tables/t2_condnull_aggregate.tsv
A_forest	round9_model_C_cluster_preserving_shift	conditional	null_mean	18.1765				tables/t2_condnull_aggregate.tsv
A_forest	round9_model_C_cluster_preserving_shift	conditional	null_sd	4.76427830316408				tables/t2_condnull_aggregate.tsv
A_forest	round9_model_C_cluster_preserving_shift	conditional	null_p02_5	9.0				tables/t2_condnull_aggregate.tsv
A_forest	round9_model_C_cluster_preserving_shift	conditional	null_p97_5	28.0				tables/t2_condnull_aggregate.tsv
A_forest	round9_model_C_cluster_preserving_shift	conditional	empirical_p_one_sided_ge	0.0004997501249375				tables/t2_condnull_aggregate.tsv
A_forest	round9_model_C_cluster_preserving_shift	conditional	cohort				31 strains · 319 GH-filtered SusC–SusD windows (method-A definition)	tables/t2_condnull_aggregate.tsv
A_forest	unbiased_31strains_allpairs	unbiased	er	1.9365589299386008				tables/t3_null31all_aggregate.tsv
A_forest	unbiased_31strains_allpairs	unbiased	observed	129				tables/t3_null31all_aggregate.tsv
A_forest	unbiased_31strains_allpairs	unbiased	null_mean	66.613				tables/t3_null31all_aggregate.tsv
A_forest	unbiased_31strains_allpairs	unbiased	null_sd	7.706246232764691				tables/t3_null31all_aggregate.tsv
A_forest	unbiased_31strains_allpairs	unbiased	null_p02_5	52.0				tables/t3_null31all_aggregate.tsv
A_forest	unbiased_31strains_allpairs	unbiased	null_p97_5	82.0				tables/t3_null31all_aggregate.tsv
A_forest	unbiased_31strains_allpairs	unbiased	empirical_p_one_sided_ge	0.0004997501249375				tables/t3_null31all_aggregate.tsv
A_forest	unbiased_31strains_allpairs	unbiased	cohort				31 strains · 1303 all SusC–SusD pairs (no GH pre-filter)	tables/t3_null31all_aggregate.tsv
A_forest	unbiased_45strains_allpairs_core	unbiased	er	1.833944648216072				tables/t3_null45_aggregate.tsv
A_forest	unbiased_45strains_allpairs_core	unbiased	observed	33				tables/t3_null45_aggregate.tsv
A_forest	unbiased_45strains_allpairs_core	unbiased	null_mean	17.994				tables/t3_null45_aggregate.tsv
A_forest	unbiased_45strains_allpairs_core	unbiased	null_sd	4.118126272954728				tables/t3_null45_aggregate.tsv
A_forest	unbiased_45strains_allpairs_core	unbiased	null_p02_5	11.0				tables/t3_null45_aggregate.tsv
A_forest	unbiased_45strains_allpairs_core	unbiased	null_p97_5	27.0				tables/t3_null45_aggregate.tsv
A_forest	unbiased_45strains_allpairs_core	unbiased	empirical_p_one_sided_ge	0.0019990004997501				tables/t3_null45_aggregate.tsv
A_forest	unbiased_45strains_allpairs_core	unbiased	cohort				45 strains · 627 all SusC–SusD pairs (no GH pre-filter)	tables/t3_null45_aggregate.tsv
A_forest	unbiased_45strains_allpairs_GH3	unbiased	er	2.0018805544602505				tables/t3_null45_aggregate.tsv
A_forest	unbiased_45strains_allpairs_GH3	unbiased	observed	33				tables/t3_null45_aggregate.tsv
A_forest	unbiased_45strains_allpairs_GH3	unbiased	null_mean	16.4845				tables/t3_null45_aggregate.tsv
A_forest	unbiased_45strains_allpairs_GH3	unbiased	null_sd	3.9735072354281673				tables/t3_null45_aggregate.tsv
A_forest	unbiased_45strains_allpairs_GH3	unbiased	null_p02_5	9.0				tables/t3_null45_aggregate.tsv
A_forest	unbiased_45strains_allpairs_GH3	unbiased	null_p97_5	25.0				tables/t3_null45_aggregate.tsv
A_forest	unbiased_45strains_allpairs_GH3	unbiased	empirical_p_one_sided_ge	0.0004997501249375				tables/t3_null45_aggregate.tsv
A_forest	unbiased_45strains_allpairs_GH3	unbiased	cohort				45 strains · 627 all SusC–SusD pairs (no GH pre-filter)	tables/t3_null45_aggregate.tsv
A_forest	unbiased_45strains_allpairs_GH2	unbiased	er	2.5642669401884737				tables/t3_null45_aggregate.tsv
A_forest	unbiased_45strains_allpairs_GH2	unbiased	observed	80				tables/t3_null45_aggregate.tsv
A_forest	unbiased_45strains_allpairs_GH2	unbiased	null_mean	31.198				tables/t3_null45_aggregate.tsv
A_forest	unbiased_45strains_allpairs_GH2	unbiased	null_sd	5.344043038748846				tables/t3_null45_aggregate.tsv
A_forest	unbiased_45strains_allpairs_GH2	unbiased	null_p02_5	21.0				tables/t3_null45_aggregate.tsv
A_forest	unbiased_45strains_allpairs_GH2	unbiased	null_p97_5	42.0				tables/t3_null45_aggregate.tsv
A_forest	unbiased_45strains_allpairs_GH2	unbiased	empirical_p_one_sided_ge	0.0004997501249375				tables/t3_null45_aggregate.tsv
A_forest	unbiased_45strains_allpairs_GH2	unbiased	cohort				45 strains · 627 all SusC–SusD pairs (no GH pre-filter)	tables/t3_null45_aggregate.tsv
A_forest	unbiased_45strains_allpairs_side	unbiased	er	2.5595085743537243				tables/t3_null45_aggregate.tsv
A_forest	unbiased_45strains_allpairs_side	unbiased	observed	50				tables/t3_null45_aggregate.tsv
A_forest	unbiased_45strains_allpairs_side	unbiased	null_mean	19.535				tables/t3_null45_aggregate.tsv
A_forest	unbiased_45strains_allpairs_side	unbiased	null_sd	4.316453984464563				tables/t3_null45_aggregate.tsv
A_forest	unbiased_45strains_allpairs_side	unbiased	null_p02_5	12.0				tables/t3_null45_aggregate.tsv
A_forest	unbiased_45strains_allpairs_side	unbiased	null_p97_5	28.0				tables/t3_null45_aggregate.tsv
A_forest	unbiased_45strains_allpairs_side	unbiased	empirical_p_one_sided_ge	0.0004997501249375				tables/t3_null45_aggregate.tsv
A_forest	unbiased_45strains_allpairs_side	unbiased	cohort				45 strains · 627 all SusC–SusD pairs (no GH pre-filter)	tables/t3_null45_aggregate.tsv
A_forest	unbiased_45strains_allpairs_any	unbiased	er	2.204249663689849				tables/t3_null45_aggregate.tsv
A_forest	unbiased_45strains_allpairs_any	unbiased	observed	136				tables/t3_null45_aggregate.tsv
A_forest	unbiased_45strains_allpairs_any	unbiased	null_mean	61.699				tables/t3_null45_aggregate.tsv
A_forest	unbiased_45strains_allpairs_any	unbiased	null_sd	7.402188797916465				tables/t3_null45_aggregate.tsv
A_forest	unbiased_45strains_allpairs_any	unbiased	null_p02_5	48.0				tables/t3_null45_aggregate.tsv
A_forest	unbiased_45strains_allpairs_any	unbiased	null_p97_5	77.0				tables/t3_null45_aggregate.tsv
A_forest	unbiased_45strains_allpairs_any	unbiased	empirical_p_one_sided_ge	0.0004997501249375				tables/t3_null45_aggregate.tsv
A_forest	unbiased_45strains_allpairs_any	unbiased	cohort				45 strains · 627 all SusC–SusD pairs (no GH pre-filter)	tables/t3_null45_aggregate.tsv
A_forest	unbiased_31strains_Bacteroides	unbiased	er	1.931772348058675				tables/t3_null31all_pergenus.tsv
A_forest	unbiased_31strains_Bacteroides	unbiased	observed	91				tables/t3_null31all_pergenus.tsv
A_forest	unbiased_31strains_Bacteroides	unbiased	null_mean	47.107				tables/t3_null31all_pergenus.tsv
A_forest	unbiased_31strains_Bacteroides	unbiased	null_sd	6.523691516311912				tables/t3_null31all_pergenus.tsv
A_forest	unbiased_31strains_Bacteroides	unbiased	empirical_p_one_sided_ge	0.0004997501249375				tables/t3_null31all_pergenus.tsv
A_forest	unbiased_31strains_Bacteroides	unbiased	cohort				Bacteroides · all SusC–SusD pairs (n = 646)	tables/t3_null31all_pergenus.tsv
A_forest	unbiased_31strains_Parabacteroides	unbiased	er	1.9481185276325232				tables/t3_null31all_pergenus.tsv
A_forest	unbiased_31strains_Parabacteroides	unbiased	observed	38				tables/t3_null31all_pergenus.tsv
A_forest	unbiased_31strains_Parabacteroides	unbiased	null_mean	19.506				tables/t3_null31all_pergenus.tsv
A_forest	unbiased_31strains_Parabacteroides	unbiased	null_sd	4.280533144364145				tables/t3_null31all_pergenus.tsv
A_forest	unbiased_31strains_Parabacteroides	unbiased	empirical_p_one_sided_ge	0.0004997501249375				tables/t3_null31all_pergenus.tsv
A_forest	unbiased_31strains_Parabacteroides	unbiased	cohort				Parabacteroides · all SusC–SusD pairs (n = 657)	tables/t3_null31all_pergenus.tsv
B_genus	GH1	pair	bact_n	0				outputs_round8/tables/t2c_fisher_tests.tsv
B_genus	GH1	pair	bact_d	193				outputs_round8/tables/t2c_fisher_tests.tsv
B_genus	GH1	pair	para_n	0				outputs_round8/tables/t2c_fisher_tests.tsv
B_genus	GH1	pair	para_d	126				outputs_round8/tables/t2c_fisher_tests.tsv
B_genus	GH1	pair	oddsratio	nan				outputs_round8/tables/t2c_fisher_tests.tsv
B_genus	GH1	pair	p	1.0				outputs_round8/tables/t2c_fisher_tests.tsv
B_genus	GH1	pair	p_BH	1.0				outputs_round8/tables/t2c_fisher_tests.tsv
B_genus	GH2	pair	bact_n	132				outputs_round8/tables/t2c_fisher_tests.tsv
B_genus	GH2	pair	bact_d	193				outputs_round8/tables/t2c_fisher_tests.tsv
B_genus	GH2	pair	para_n	78				outputs_round8/tables/t2c_fisher_tests.tsv
B_genus	GH2	pair	para_d	126				outputs_round8/tables/t2c_fisher_tests.tsv
B_genus	GH2	pair	oddsratio	1.3316519546027743				outputs_round8/tables/t2c_fisher_tests.tsv
B_genus	GH2	pair	p	0.2771377686118454				outputs_round8/tables/t2c_fisher_tests.tsv
B_genus	GH2	pair	p_BH	0.6928444215296137				outputs_round8/tables/t2c_fisher_tests.tsv
B_genus	GH3	pair	bact_n	58				outputs_round8/tables/t2c_fisher_tests.tsv
B_genus	GH3	pair	bact_d	193				outputs_round8/tables/t2c_fisher_tests.tsv
B_genus	GH3	pair	para_n	34				outputs_round8/tables/t2c_fisher_tests.tsv
B_genus	GH3	pair	para_d	126				outputs_round8/tables/t2c_fisher_tests.tsv
B_genus	GH3	pair	oddsratio	1.1625272331154684				outputs_round8/tables/t2c_fisher_tests.tsv
B_genus	GH3	pair	p	0.6137003060036996				outputs_round8/tables/t2c_fisher_tests.tsv
B_genus	GH3	pair	p_BH	0.876714722862428				outputs_round8/tables/t2c_fisher_tests.tsv
B_genus	GH27	pair	bact_n	5				outputs_round8/tables/t2c_fisher_tests.tsv
B_genus	GH27	pair	bact_d	193				outputs_round8/tables/t2c_fisher_tests.tsv
B_genus	GH27	pair	para_n	5				outputs_round8/tables/t2c_fisher_tests.tsv
B_genus	GH27	pair	para_d	126				outputs_round8/tables/t2c_fisher_tests.tsv
B_genus	GH27	pair	oddsratio	0.6436170212765957				outputs_round8/tables/t2c_fisher_tests.tsv
B_genus	GH27	pair	p	0.5239864259418512				outputs_round8/tables/t2c_fisher_tests.tsv
B_genus	GH27	pair	p_BH	0.876714722862428				outputs_round8/tables/t2c_fisher_tests.tsv
B_genus	GH36	pair	bact_n	9				outputs_round8/tables/t2c_fisher_tests.tsv
B_genus	GH36	pair	bact_d	193				outputs_round8/tables/t2c_fisher_tests.tsv
B_genus	GH36	pair	para_n	4				outputs_round8/tables/t2c_fisher_tests.tsv
B_genus	GH36	pair	para_d	126				outputs_round8/tables/t2c_fisher_tests.tsv
B_genus	GH36	pair	oddsratio	1.4918478260869563				outputs_round8/tables/t2c_fisher_tests.tsv
B_genus	GH36	pair	p	0.5766242033326914				outputs_round8/tables/t2c_fisher_tests.tsv
B_genus	GH36	pair	p_BH	0.876714722862428				outputs_round8/tables/t2c_fisher_tests.tsv
B_genus	GH51	pair	bact_n	23				outputs_round8/tables/t2c_fisher_tests.tsv
B_genus	GH51	pair	bact_d	193				outputs_round8/tables/t2c_fisher_tests.tsv
B_genus	GH51	pair	para_n	1				outputs_round8/tables/t2c_fisher_tests.tsv
B_genus	GH51	pair	para_d	126				outputs_round8/tables/t2c_fisher_tests.tsv
B_genus	GH51	pair	oddsratio	16.91176470588235				outputs_round8/tables/t2c_fisher_tests.tsv
B_genus	GH51	pair	p	0.0001070288328061				outputs_round8/tables/t2c_fisher_tests.tsv
B_genus	GH51	pair	p_BH	0.0005351441640309				outputs_round8/tables/t2c_fisher_tests.tsv
B_genus	GH54	pair	bact_n	0				outputs_round8/tables/t2c_fisher_tests.tsv
B_genus	GH54	pair	bact_d	193				outputs_round8/tables/t2c_fisher_tests.tsv
B_genus	GH54	pair	para_n	0				outputs_round8/tables/t2c_fisher_tests.tsv
B_genus	GH54	pair	para_d	126				outputs_round8/tables/t2c_fisher_tests.tsv
B_genus	GH54	pair	oddsratio	nan				outputs_round8/tables/t2c_fisher_tests.tsv
B_genus	GH54	pair	p	1.0				outputs_round8/tables/t2c_fisher_tests.tsv
B_genus	GH54	pair	p_BH	1.0				outputs_round8/tables/t2c_fisher_tests.tsv
B_genus	GH78	pair	bact_n	17				outputs_round8/tables/t2c_fisher_tests.tsv
B_genus	GH78	pair	bact_d	193				outputs_round8/tables/t2c_fisher_tests.tsv
B_genus	GH78	pair	para_n	16				outputs_round8/tables/t2c_fisher_tests.tsv
B_genus	GH78	pair	para_d	126				outputs_round8/tables/t2c_fisher_tests.tsv
B_genus	GH78	pair	oddsratio	0.6640625				outputs_round8/tables/t2c_fisher_tests.tsv
B_genus	GH78	pair	p	0.2666855673266501				outputs_round8/tables/t2c_fisher_tests.tsv
B_genus	GH78	pair	p_BH	0.6928444215296137				outputs_round8/tables/t2c_fisher_tests.tsv
B_genus	GH79	pair	bact_n	1				outputs_round8/tables/t2c_fisher_tests.tsv
B_genus	GH79	pair	bact_d	193				outputs_round8/tables/t2c_fisher_tests.tsv
B_genus	GH79	pair	para_n	0				outputs_round8/tables/t2c_fisher_tests.tsv
B_genus	GH79	pair	para_d	126				outputs_round8/tables/t2c_fisher_tests.tsv
B_genus	GH79	pair	oddsratio	inf				outputs_round8/tables/t2c_fisher_tests.tsv
B_genus	GH79	pair	p	1.0				outputs_round8/tables/t2c_fisher_tests.tsv
B_genus	GH79	pair	p_BH	1.0				outputs_round8/tables/t2c_fisher_tests.tsv
B_genus	GH106	pair	bact_n	6				outputs_round8/tables/t2c_fisher_tests.tsv
B_genus	GH106	pair	bact_d	193				outputs_round8/tables/t2c_fisher_tests.tsv
B_genus	GH106	pair	para_n	29				outputs_round8/tables/t2c_fisher_tests.tsv
B_genus	GH106	pair	para_d	126				outputs_round8/tables/t2c_fisher_tests.tsv
B_genus	GH106	pair	oddsratio	0.1073206712151945				outputs_round8/tables/t2c_fisher_tests.tsv
B_genus	GH106	pair	p	4.0333806250443343e-08				outputs_round8/tables/t2c_fisher_tests.tsv
B_genus	GH106	pair	p_BH	4.0333806250443355e-07				outputs_round8/tables/t2c_fisher_tests.tsv
B_genus	GH2	strain_presence	bact_n	17				outputs_round8/tables/t2c_fisher_tests.tsv
B_genus	GH2	strain_presence	bact_d	17				outputs_round8/tables/t2c_fisher_tests.tsv
B_genus	GH2	strain_presence	para_n	14				outputs_round8/tables/t2c_fisher_tests.tsv
B_genus	GH2	strain_presence	para_d	14				outputs_round8/tables/t2c_fisher_tests.tsv
B_genus	GH2	strain_presence	oddsratio	nan				outputs_round8/tables/t2c_fisher_tests.tsv
B_genus	GH2	strain_presence	p	1.0				outputs_round8/tables/t2c_fisher_tests.tsv
B_genus	GH2	strain_presence	p_BH	1.0				outputs_round8/tables/t2c_fisher_tests.tsv
B_genus	GH3	strain_presence	bact_n	16				outputs_round8/tables/t2c_fisher_tests.tsv
B_genus	GH3	strain_presence	bact_d	17				outputs_round8/tables/t2c_fisher_tests.tsv
B_genus	GH3	strain_presence	para_n	11				outputs_round8/tables/t2c_fisher_tests.tsv
B_genus	GH3	strain_presence	para_d	14				outputs_round8/tables/t2c_fisher_tests.tsv
B_genus	GH3	strain_presence	oddsratio	4.363636363636363				outputs_round8/tables/t2c_fisher_tests.tsv
B_genus	GH3	strain_presence	p	0.3041156840934372				outputs_round8/tables/t2c_fisher_tests.tsv
B_genus	GH3	strain_presence	p_BH	0.8109751575824992				outputs_round8/tables/t2c_fisher_tests.tsv
B_genus	GH27	strain_presence	bact_n	5				outputs_round8/tables/t2c_fisher_tests.tsv
B_genus	GH27	strain_presence	bact_d	17				outputs_round8/tables/t2c_fisher_tests.tsv
B_genus	GH27	strain_presence	para_n	3				outputs_round8/tables/t2c_fisher_tests.tsv
B_genus	GH27	strain_presence	para_d	14				outputs_round8/tables/t2c_fisher_tests.tsv
B_genus	GH27	strain_presence	oddsratio	1.5277777777777777				outputs_round8/tables/t2c_fisher_tests.tsv
B_genus	GH27	strain_presence	p	0.6980018951097928				outputs_round8/tables/t2c_fisher_tests.tsv
B_genus	GH27	strain_presence	p_BH	0.9631912962590576				outputs_round8/tables/t2c_fisher_tests.tsv
B_genus	GH36	strain_presence	bact_n	7				outputs_round8/tables/t2c_fisher_tests.tsv
B_genus	GH36	strain_presence	bact_d	17				outputs_round8/tables/t2c_fisher_tests.tsv
B_genus	GH36	strain_presence	para_n	4				outputs_round8/tables/t2c_fisher_tests.tsv
B_genus	GH36	strain_presence	para_d	14				outputs_round8/tables/t2c_fisher_tests.tsv
B_genus	GH36	strain_presence	oddsratio	1.75				outputs_round8/tables/t2c_fisher_tests.tsv
B_genus	GH36	strain_presence	p	0.7073807182430292				outputs_round8/tables/t2c_fisher_tests.tsv
B_genus	GH36	strain_presence	p_BH	0.9631912962590576				outputs_round8/tables/t2c_fisher_tests.tsv
B_genus	GH51	strain_presence	bact_n	10				outputs_round8/tables/t2c_fisher_tests.tsv
B_genus	GH51	strain_presence	bact_d	17				outputs_round8/tables/t2c_fisher_tests.tsv
B_genus	GH51	strain_presence	para_n	1				outputs_round8/tables/t2c_fisher_tests.tsv
B_genus	GH51	strain_presence	para_d	14				outputs_round8/tables/t2c_fisher_tests.tsv
B_genus	GH51	strain_presence	oddsratio	18.571428571428573				outputs_round8/tables/t2c_fisher_tests.tsv
B_genus	GH51	strain_presence	p	0.0067826301902812				outputs_round8/tables/t2c_fisher_tests.tsv
B_genus	GH51	strain_presence	p_BH	0.0542610415222496				outputs_round8/tables/t2c_fisher_tests.tsv
B_genus	GH78	strain_presence	bact_n	9				outputs_round8/tables/t2c_fisher_tests.tsv
B_genus	GH78	strain_presence	bact_d	17				outputs_round8/tables/t2c_fisher_tests.tsv
B_genus	GH78	strain_presence	para_n	6				outputs_round8/tables/t2c_fisher_tests.tsv
B_genus	GH78	strain_presence	para_d	14				outputs_round8/tables/t2c_fisher_tests.tsv
B_genus	GH78	strain_presence	oddsratio	1.5				outputs_round8/tables/t2c_fisher_tests.tsv
B_genus	GH78	strain_presence	p	0.7223934721942933				outputs_round8/tables/t2c_fisher_tests.tsv
B_genus	GH78	strain_presence	p_BH	0.9631912962590576				outputs_round8/tables/t2c_fisher_tests.tsv
B_genus	GH79	strain_presence	bact_n	1				outputs_round8/tables/t2c_fisher_tests.tsv
B_genus	GH79	strain_presence	bact_d	17				outputs_round8/tables/t2c_fisher_tests.tsv
B_genus	GH79	strain_presence	para_n	0				outputs_round8/tables/t2c_fisher_tests.tsv
B_genus	GH79	strain_presence	para_d	14				outputs_round8/tables/t2c_fisher_tests.tsv
B_genus	GH79	strain_presence	oddsratio	inf				outputs_round8/tables/t2c_fisher_tests.tsv
B_genus	GH79	strain_presence	p	1.0				outputs_round8/tables/t2c_fisher_tests.tsv
B_genus	GH79	strain_presence	p_BH	1.0				outputs_round8/tables/t2c_fisher_tests.tsv
B_genus	GH106	strain_presence	bact_n	5				outputs_round8/tables/t2c_fisher_tests.tsv
B_genus	GH106	strain_presence	bact_d	17				outputs_round8/tables/t2c_fisher_tests.tsv
B_genus	GH106	strain_presence	para_n	7				outputs_round8/tables/t2c_fisher_tests.tsv
B_genus	GH106	strain_presence	para_d	14				outputs_round8/tables/t2c_fisher_tests.tsv
B_genus	GH106	strain_presence	oddsratio	0.4166666666666667				outputs_round8/tables/t2c_fisher_tests.tsv
B_genus	GH106	strain_presence	p	0.2883081040125098				outputs_round8/tables/t2c_fisher_tests.tsv
B_genus	GH106	strain_presence	p_BH	0.8109751575824992				outputs_round8/tables/t2c_fisher_tests.tsv
meta	er_ref	no_enrichment	value	1.0				definition
meta	er_ref	decision	value	2.0			round8/round9 criteria C3: ER>2 and p<0.01 => significant enrichment	logs/criteria.md C3
meta	caliber_order	0	name				conditional	red line R7 separation
meta	caliber_order	1	name				unbiased	red line R7 separation
